{
  "timestamp": "2025-12-01T11:16:38.839308",
  "database": "dictionary",
  "iterations": 30,
  "load_times": [],
  "save_times": [
    11.36960499570705,
    7.228384987683967,
    7.016160001512617,
    6.863287999294698,
    6.637270998908207,
    6.231798994122073,
    6.850036006653681,
    6.616933998884633,
    6.419151992304251,
    6.949553993763402,
    6.207381986314431,
    6.531516992254183,
    6.8525419919751585,
    6.324104993836954,
    6.706563988700509
  ],
  "search_times": [
    5.036042013671249,
    4.483838012674823,
    4.388246976304799,
    4.614625999238342,
    4.709853994427249,
    4.766736994497478,
    4.696229996625334,
    4.940062004607171,
    4.364413005532697,
    4.328189010266215,
    4.360858001746237,
    4.578224994475022,
    4.43165100296028,
    4.503780975937843,
    4.456761991605163,
    4.708138003479689,
    4.353340977104381,
    4.34275800944306,
    4.312210017815232,
    4.653951007639989,
    4.4753449910786,
    4.2719799967017025,
    4.433010995853692,
    4.617271973984316,
    4.330990981543437,
    4.363229003502056,
    4.656727978726849,
    4.475242021726444,
    4.2193729896098375,
    4.227922996506095
  ],
  "summary": {
    "load": {
      "error": "No entries found"
    },
    "save": {
      "count": 15,
      "mean": 6.986952928127721,
      "median": 6.706563988700509,
      "min": 6.207381986314431,
      "max": 11.36960499570705,
      "stdev": 1.2480061466415502,
      "target": 250,
      "pass": true
    },
    "search": {
      "count": 30,
      "mean": 4.503366897309509,
      "median": 4.4660020066658035,
      "min": 4.2193729896098375,
      "max": 5.036042013671249,
      "stdev": 0.20212346711838455,
      "target": 150,
      "pass": true
    },
    "overall_pass": false
  }
}